<?xml version="1.0" encoding="UTF-8" ?>
<document>
<!--The data in this file is primarily intended for consumption by Xilinx tools.
The structure and the elements are likely to change over the next few releases.
This means code written to parse this file will need to be revisited each subsequent release.-->
<application name="pn" timeStamp="Sat May 07 18:32:18 2016">
<section name="Project Information" visible="false">
<property name="ProjectID" value="041EF133F4DB4049AD480C6170B7A505" type="project"/>
<property name="ProjectIteration" value="8" type="project"/>
<property name="ProjectFile" value="C:/Users/Stefan/OneDrive/Documents/FIN/ORT Praktikum/Domaci ORT praktikum/domaci.xise" type="project"/>
<property name="ProjectCreationTimestamp" value="2016-04-28T02:33:00" type="project"/>
</section>
<section name="Project Statistics" visible="true">
<property name="PROPEXT_xilxSynthMaxFanout_virtex2" value="100000" type="process"/>
<property name="PROP_Enable_Message_Filtering" value="false" type="design"/>
<property name="PROP_FitterReportFormat" value="HTML" type="process"/>
<property name="PROP_LastAppliedGoal" value="Balanced" type="design"/>
<property name="PROP_LastAppliedStrategy" value="Xilinx Default (unlocked)" type="design"/>
<property name="PROP_ManualCompileOrderImp" value="false" type="design"/>
<property name="PROP_ProjectDescription" value="Od 16 brojeva prikazati po 4 zasebno na svakom displeju" type="process"/>
<property name="PROP_PropSpecInProjFile" value="Store all values" type="design"/>
<property name="PROP_Simulator" value="ISim (VHDL/Verilog)" type="design"/>
<property name="PROP_SynthTopFile" value="changed" type="process"/>
<property name="PROP_Top_Level_Module_Type" value="HDL" type="design"/>
<property name="PROP_UseSmartGuide" value="false" type="design"/>
<property name="PROP_UserConstraintEditorPreference" value="Text Editor" type="process"/>
<property name="PROP_intProjectCreationTimestamp" value="2016-04-28T02:33:00" type="design"/>
<property name="PROP_intWbtProjectID" value="041EF133F4DB4049AD480C6170B7A505" type="design"/>
<property name="PROP_intWbtProjectIteration" value="8" type="process"/>
<property name="PROP_intWorkingDirLocWRTProjDir" value="Same" type="design"/>
<property name="PROP_intWorkingDirUsed" value="No" type="design"/>
<property name="PROP_lockPinsUcfFile" value="changed" type="process"/>
<property name="PROP_xilxBitgStart_Clk" value="JTAG Clock" type="process"/>
<property name="PROP_xilxBitgStart_IntDone" value="true" type="process"/>
<property name="PROP_AutoTop" value="true" type="design"/>
<property name="PROP_DevFamily" value="Spartan3E" type="design"/>
<property name="PROP_DevDevice" value="xc3s500e" type="design"/>
<property name="PROP_DevFamilyPMName" value="spartan3e" type="design"/>
<property name="PROP_DevPackage" value="fg320" type="design"/>
<property name="PROP_Synthesis_Tool" value="XST (VHDL/Verilog)" type="design"/>
<property name="PROP_DevSpeed" value="-4" type="design"/>
<property name="PROP_PreferredLanguage" value="VHDL" type="design"/>
<property name="FILE_SCHEMATIC" value="1" type="source"/>
<property name="FILE_UCF" value="1" type="source"/>
</section>
</application>
</document>
